{"stats":{"minecraft:used":{"minecraft:cooked_mutton":9,"minecraft:diorite":3,"minecraft:stone_sword":129,"minecraft:stone_pickaxe":128,"minecraft:shield":43,"minecraft:wooden_pickaxe":15,"minecraft:iron_sword":94,"minecraft:rotten_flesh":15,"minecraft:torch":45,"minecraft:dirt":76,"minecraft:crafting_table":3,"minecraft:white_bed":1,"minecraft:wooden_axe":30,"minecraft:iron_pickaxe":120,"minecraft:stone_axe":2,"minecraft:cobblestone":16,"minecraft:beef":3,"minecraft:furnace":1,"minecraft:cooked_beef":5},"minecraft:killed":{"minecraft:pig":2,"minecraft:spider":2,"minecraft:sheep":5,"minecraft:skeleton":16,"minecraft:zombie":14,"minecraft:cow":5},"minecraft:crafted":{"minecraft:cooked_beef":8,"minecraft:crafting_table":2,"minecraft:iron_helmet":1,"minecraft:wooden_pickaxe":1,"minecraft:iron_sword":1,"minecraft:furnace":1,"minecraft:stone_axe":1,"minecraft:cooked_mutton":9,"minecraft:iron_boots":1,"minecraft:iron_chestplate":1,"minecraft:shield":1,"minecraft:stick":28,"minecraft:iron_ingot":36,"minecraft:iron_pickaxe":1,"minecraft:stone_pickaxe":1,"minecraft:wooden_axe":1,"minecraft:stone_sword":1,"minecraft:iron_leggings":1,"minecraft:white_bed":1,"minecraft:acacia_planks":56,"minecraft:torch":44},"minecraft:custom":{"minecraft:interact_with_furnace":48,"minecraft:mob_kills":50,"minecraft:interact_with_crafting_table":25,"minecraft:leave_game":1,"minecraft:time_since_death":60626,"minecraft:sleep_in_bed":2,"minecraft:time_since_rest":11666,"minecraft:sprint_one_cm":128445,"minecraft:damage_taken":1323,"minecraft:walk_one_cm":121588,"minecraft:damage_blocked_by_shield":1285,"minecraft:drop":10,"minecraft:damage_dealt":7155,"minecraft:fly_one_cm":88869,"minecraft:crouch_one_cm":24625,"minecraft:play_time":60626,"minecraft:sneak_time":12619,"minecraft:walk_under_water_one_cm":10,"minecraft:jump":1196,"minecraft:walk_on_water_one_cm":4362,"minecraft:total_world_time":60626,"minecraft:fall_one_cm":20075},"minecraft:mined":{"minecraft:crafting_table":2,"minecraft:torch":1,"minecraft:acacia_log":14,"minecraft:grass_block":2,"minecraft:cobblestone":6,"minecraft:diorite":7,"minecraft:iron_ore":67,"minecraft:andesite":10,"minecraft:grass":4,"minecraft:coal_ore":21,"minecraft:dirt":47,"minecraft:stone":120},"minecraft:picked_up":{"minecraft:wooden_axe":2,"minecraft:crafting_table":1,"minecraft:andesite":10,"minecraft:leather":6,"minecraft:wooden_pickaxe":2,"minecraft:flint":1,"minecraft:dirt":76,"minecraft:string":2,"minecraft:bone":13,"minecraft:acacia_planks":34,"minecraft:bow":1,"minecraft:beef":11,"minecraft:light_gray_wool":1,"minecraft:raw_iron":67,"minecraft:stick":1,"minecraft:torch":1,"minecraft:acacia_log":14,"minecraft:porkchop":3,"minecraft:diorite":7,"minecraft:spider_eye":1,"minecraft:arrow":14,"minecraft:rotten_flesh":19,"minecraft:mutton":9,"minecraft:coal":21,"minecraft:white_wool":5,"minecraft:cobblestone":116},"minecraft:broken":{"minecraft:stone_sword":1},"minecraft:dropped":{"minecraft:iron_ingot":6,"minecraft:raw_iron":12,"minecraft:stick":1,"minecraft:wooden_axe":3,"minecraft:wooden_pickaxe":3,"minecraft:acacia_planks":34}},"DataVersion":3465}