{"stats":{"minecraft:killed_by":{"minecraft:pillager":1},"minecraft:killed":{"minecraft:sheep":3,"minecraft:zombie":1,"minecraft:pig":2,"minecraft:chicken":4},"minecraft:custom":{"minecraft:time_since_rest":7508,"minecraft:crouch_one_cm":35,"minecraft:damage_taken":605,"minecraft:sprint_one_cm":72485,"minecraft:play_time":20056,"minecraft:walk_one_cm":67890,"minecraft:deaths":2,"minecraft:sneak_time":9,"minecraft:walk_under_water_one_cm":508,"minecraft:mob_kills":11,"minecraft:jump":303,"minecraft:damage_dealt":1117,"minecraft:leave_game":6,"minecraft:walk_on_water_one_cm":4418,"minecraft:time_since_death":7466,"minecraft:total_world_time":20056,"minecraft:swim_one_cm":9566,"minecraft:fall_one_cm":8308,"minecraft:fly_one_cm":46730},"minecraft:mined":{"minecraft:grass":34,"minecraft:tall_grass":2,"minecraft:sugar_cane":2},"minecraft:picked_up":{"minecraft:feather":3,"minecraft:chicken":4,"minecraft:rotten_flesh":2,"minecraft:wheat_seeds":3,"minecraft:porkchop":3,"minecraft:sugar_cane":4,"minecraft:black_wool":1,"minecraft:mutton":4,"minecraft:white_wool":2,"minecraft:egg":1}},"DataVersion":3465}