{"stats":{"minecraft:killed":{"minecraft:pig":3,"minecraft:chicken":1},"minecraft:custom":{"minecraft:time_since_rest":4005,"minecraft:play_time":4005,"minecraft:sprint_one_cm":9737,"minecraft:walk_one_cm":17071,"minecraft:mob_kills":4,"minecraft:jump":43,"minecraft:damage_dealt":340,"minecraft:leave_game":1,"minecraft:walk_on_water_one_cm":184,"minecraft:time_since_death":4005,"minecraft:total_world_time":4005,"minecraft:fly_one_cm":6467},"minecraft:mined":{"minecraft:grass":7,"minecraft:acacia_log":7,"minecraft:oak_log":6,"minecraft:acacia_leaves":3,"minecraft:tall_grass":2,"minecraft:oak_leaves":1},"minecraft:picked_up":{"minecraft:stick":1,"minecraft:feather":2,"minecraft:chicken":1,"minecraft:wheat_seeds":1,"minecraft:acacia_log":7,"minecraft:porkchop":7,"minecraft:oak_log":6}},"DataVersion":3465}