{"stats":{"minecraft:used":{"minecraft:cooked_mutton":8,"minecraft:wooden_axe":30,"minecraft:diorite":3,"minecraft:stone_sword":129,"minecraft:stone_pickaxe":128,"minecraft:iron_pickaxe":33,"minecraft:wooden_pickaxe":15,"minecraft:shield":23,"minecraft:stone_axe":2,"minecraft:rotten_flesh":15,"minecraft:torch":20,"minecraft:dirt":53,"minecraft:cobblestone":16,"minecraft:beef":3,"minecraft:crafting_table":3,"minecraft:furnace":1,"minecraft:white_bed":1},"minecraft:crafted":{"minecraft:shield":1,"minecraft:crafting_table":2,"minecraft:iron_sword":1,"minecraft:stick":20,"minecraft:stone_pickaxe":1,"minecraft:iron_ingot":8,"minecraft:iron_pickaxe":1,"minecraft:wooden_pickaxe":1,"minecraft:wooden_axe":1,"minecraft:stone_sword":1,"minecraft:furnace":1,"minecraft:white_bed":1,"minecraft:acacia_planks":56,"minecraft:torch":24,"minecraft:stone_axe":1,"minecraft:cooked_mutton":9},"minecraft:killed":{"minecraft:skeleton":6,"minecraft:sheep":5,"minecraft:zombie":10,"minecraft:spider":2,"minecraft:cow":1},"minecraft:custom":{"minecraft:time_since_rest":377,"minecraft:interact_with_furnace":21,"minecraft:sprint_one_cm":48967,"minecraft:damage_taken":935,"minecraft:walk_one_cm":75194,"minecraft:damage_blocked_by_shield":705,"minecraft:mob_kills":29,"minecraft:drop":8,"minecraft:damage_dealt":3931,"minecraft:interact_with_crafting_table":14,"minecraft:fly_one_cm":43797,"minecraft:crouch_one_cm":15873,"minecraft:play_time":36626,"minecraft:sneak_time":8532,"minecraft:jump":638,"minecraft:leave_game":1,"minecraft:walk_on_water_one_cm":363,"minecraft:time_since_death":36626,"minecraft:sleep_in_bed":1,"minecraft:total_world_time":36626,"minecraft:fall_one_cm":11484},"minecraft:mined":{"minecraft:iron_ore":26,"minecraft:crafting_table":2,"minecraft:torch":1,"minecraft:grass":4,"minecraft:acacia_log":14,"minecraft:grass_block":2,"minecraft:coal_ore":18,"minecraft:dirt":29,"minecraft:cobblestone":6,"minecraft:stone":107,"minecraft:diorite":3},"minecraft:picked_up":{"minecraft:wooden_axe":2,"minecraft:crafting_table":1,"minecraft:stick":1,"minecraft:raw_iron":26,"minecraft:acacia_log":14,"minecraft:torch":1,"minecraft:wooden_pickaxe":2,"minecraft:diorite":3,"minecraft:string":2,"minecraft:spider_eye":1,"minecraft:dirt":58,"minecraft:arrow":3,"minecraft:bone":4,"minecraft:rotten_flesh":15,"minecraft:acacia_planks":34,"minecraft:beef":3,"minecraft:light_gray_wool":1,"minecraft:mutton":9,"minecraft:coal":18,"minecraft:white_wool":5,"minecraft:cobblestone":105},"minecraft:broken":{"minecraft:stone_sword":1},"minecraft:dropped":{"minecraft:wooden_axe":3,"minecraft:wooden_pickaxe":3,"minecraft:acacia_planks":34,"minecraft:stick":1}},"DataVersion":3465}