{"stats":{"minecraft:killed":{"minecraft:sheep":3,"minecraft:pig":2,"minecraft:chicken":3},"minecraft:custom":{"minecraft:time_since_rest":6602,"minecraft:crouch_one_cm":35,"minecraft:play_time":6602,"minecraft:sprint_one_cm":8068,"minecraft:walk_one_cm":36668,"minecraft:sneak_time":4,"minecraft:mob_kills":8,"minecraft:jump":71,"minecraft:damage_dealt":742,"minecraft:leave_game":3,"minecraft:time_since_death":6602,"minecraft:total_world_time":6602,"minecraft:fall_one_cm":209,"minecraft:fly_one_cm":1496},"minecraft:mined":{"minecraft:grass":34,"minecraft:tall_grass":2,"minecraft:sugar_cane":2},"minecraft:picked_up":{"minecraft:feather":3,"minecraft:chicken":3,"minecraft:wheat_seeds":3,"minecraft:porkchop":3,"minecraft:black_wool":1,"minecraft:sugar_cane":4,"minecraft:mutton":4,"minecraft:white_wool":2,"minecraft:egg":1}},"DataVersion":3465}