{"stats":{"minecraft:used":{"minecraft:iron_pickaxe":66,"minecraft:wooden_pickaxe":12,"minecraft:torch":13,"minecraft:cobblestone":4,"minecraft:crafting_table":1,"minecraft:porkchop":6},"minecraft:killed":{"minecraft:pig":3,"minecraft:chicken":1},"minecraft:crafted":{"minecraft:wooden_sword":1,"minecraft:oak_planks":24,"minecraft:shield":1,"minecraft:crafting_table":2,"minecraft:stick":12,"minecraft:wooden_pickaxe":1,"minecraft:iron_pickaxe":1,"minecraft:stone_pickaxe":2,"minecraft:stone_sword":1,"minecraft:acacia_planks":28,"minecraft:torch":12},"minecraft:custom":{"minecraft:time_since_rest":16005,"minecraft:interact_with_furnace":1,"minecraft:sprint_one_cm":34624,"minecraft:damage_taken":130,"minecraft:walk_one_cm":45672,"minecraft:mob_kills":4,"minecraft:damage_dealt":344,"minecraft:swim_one_cm":3137,"minecraft:interact_with_crafting_table":4,"minecraft:fly_one_cm":26090,"minecraft:crouch_one_cm":199,"minecraft:play_time":16005,"minecraft:sneak_time":57,"minecraft:walk_under_water_one_cm":604,"minecraft:jump":243,"minecraft:leave_game":1,"minecraft:walk_on_water_one_cm":1361,"minecraft:time_since_death":16005,"minecraft:total_world_time":16005,"minecraft:fall_one_cm":5348},"minecraft:mined":{"minecraft:acacia_leaves":3,"minecraft:iron_ore":46,"minecraft:crafting_table":1,"minecraft:grass":7,"minecraft:acacia_log":7,"minecraft:coal_ore":3,"minecraft:oak_log":6,"minecraft:gravel":6,"minecraft:tall_grass":2,"minecraft:cobblestone":2,"minecraft:stone":22,"minecraft:diorite":5,"minecraft:oak_leaves":1,"minecraft:wall_torch":1},"minecraft:picked_up":{"minecraft:raw_iron":58,"minecraft:stick":1,"minecraft:crafting_table":1,"minecraft:feather":2,"minecraft:chicken":1,"minecraft:torch":1,"minecraft:acacia_log":7,"minecraft:gravel":5,"minecraft:porkchop":7,"minecraft:oak_log":6,"minecraft:diorite":5,"minecraft:bone":2,"minecraft:arrow":1,"minecraft:rotten_flesh":2,"minecraft:wheat_seeds":1,"minecraft:iron_ingot":6,"minecraft:coal":3,"minecraft:cobblestone":27}},"DataVersion":3465}