{"stats":{"minecraft:used":{"minecraft:cooked_mutton":9,"minecraft:diorite":3,"minecraft:stone_sword":129,"minecraft:stone_pickaxe":128,"minecraft:shield":30,"minecraft:wooden_pickaxe":15,"minecraft:iron_sword":44,"minecraft:rotten_flesh":15,"minecraft:torch":25,"minecraft:dirt":65,"minecraft:crafting_table":3,"minecraft:white_bed":1,"minecraft:wooden_axe":30,"minecraft:iron_pickaxe":77,"minecraft:stone_axe":2,"minecraft:cobblestone":16,"minecraft:beef":3,"minecraft:furnace":1,"minecraft:cooked_beef":2},"minecraft:killed":{"minecraft:pig":2,"minecraft:spider":2,"minecraft:sheep":5,"minecraft:skeleton":8,"minecraft:zombie":12,"minecraft:cow":5},"minecraft:crafted":{"minecraft:cooked_beef":8,"minecraft:crafting_table":2,"minecraft:iron_helmet":1,"minecraft:wooden_pickaxe":1,"minecraft:iron_sword":1,"minecraft:furnace":1,"minecraft:stone_axe":1,"minecraft:cooked_mutton":9,"minecraft:iron_chestplate":1,"minecraft:shield":1,"minecraft:stick":20,"minecraft:iron_ingot":30,"minecraft:iron_pickaxe":1,"minecraft:stone_pickaxe":1,"minecraft:wooden_axe":1,"minecraft:stone_sword":1,"minecraft:iron_leggings":1,"minecraft:white_bed":1,"minecraft:acacia_planks":56,"minecraft:torch":32},"minecraft:custom":{"minecraft:interact_with_furnace":45,"minecraft:mob_kills":40,"minecraft:interact_with_crafting_table":23,"minecraft:leave_game":1,"minecraft:time_since_death":48626,"minecraft:sleep_in_bed":1,"minecraft:time_since_rest":12377,"minecraft:sprint_one_cm":77952,"minecraft:damage_taken":1097,"minecraft:walk_one_cm":96681,"minecraft:damage_blocked_by_shield":895,"minecraft:drop":8,"minecraft:damage_dealt":5295,"minecraft:fly_one_cm":64836,"minecraft:crouch_one_cm":19366,"minecraft:play_time":48626,"minecraft:sneak_time":10410,"minecraft:jump":884,"minecraft:walk_on_water_one_cm":479,"minecraft:total_world_time":48626,"minecraft:fall_one_cm":15103},"minecraft:mined":{"minecraft:crafting_table":2,"minecraft:torch":1,"minecraft:acacia_log":14,"minecraft:grass_block":2,"minecraft:cobblestone":6,"minecraft:diorite":7,"minecraft:iron_ore":36,"minecraft:andesite":9,"minecraft:grass":4,"minecraft:coal_ore":21,"minecraft:dirt":45,"minecraft:stone":109},"minecraft:picked_up":{"minecraft:wooden_axe":2,"minecraft:crafting_table":1,"minecraft:andesite":9,"minecraft:leather":6,"minecraft:wooden_pickaxe":2,"minecraft:dirt":74,"minecraft:string":2,"minecraft:bone":5,"minecraft:acacia_planks":34,"minecraft:beef":11,"minecraft:light_gray_wool":1,"minecraft:raw_iron":36,"minecraft:stick":1,"minecraft:torch":1,"minecraft:acacia_log":14,"minecraft:porkchop":3,"minecraft:diorite":7,"minecraft:spider_eye":1,"minecraft:arrow":5,"minecraft:rotten_flesh":19,"minecraft:mutton":9,"minecraft:coal":21,"minecraft:white_wool":5,"minecraft:cobblestone":107},"minecraft:broken":{"minecraft:stone_sword":1},"minecraft:dropped":{"minecraft:stick":1,"minecraft:wooden_axe":3,"minecraft:wooden_pickaxe":3,"minecraft:acacia_planks":34}},"DataVersion":3465}